precision,recall,sensitivity,specificity,accuracy,f1,tp,tn,fp,fn,threshold
0.030009680542110357,1.0,1.0,0.004965243296921549,0.03468208092485549,0.05827067669172932,93,15,3006,0,0.01
0.033155080213903745,1.0,1.0,0.10228401191658391,0.12909441233140656,0.06418219461697723,93,309,2712,0,0.02
0.04317548746518106,1.0,1.0,0.31777557100297915,0.33815028901734107,0.08277703604806408,93,960,2061,0,0.03
0.055324211778703156,1.0,1.0,0.47434624296590533,0.4900449582530507,0.10484780157835401,93,1433,1588,0,0.04
0.06773488710852149,1.0,1.0,0.5762992386626945,0.5889531149646756,0.12687585266030016,93,1741,1280,0,0.05
0.0782169890664424,1.0,1.0,0.6372062231049321,0.6480411046885035,0.1450858034321373,93,1925,1096,0,0.060000000000000005
0.08675373134328358,1.0,1.0,0.6759351208209202,0.6856133590237636,0.15965665236051502,93,2042,979,0,0.06999999999999999
0.09647302904564316,1.0,1.0,0.7116848725587553,0.7202954399486191,0.1759697256385998,93,2150,871,0,0.08
0.10484780157835401,1.0,1.0,0.7371731214829527,0.7450224791265254,0.18979591836734694,93,2227,794,0,0.09
0.11286407766990292,1.0,1.0,0.7580271433300232,0.7652536929993577,0.20283533260632497,93,2290,731,0,0.09999999999999999
0.12140992167101827,1.0,1.0,0.7772260840781199,0.7838792549775209,0.21653084982537835,93,2348,673,0,0.11
0.12863070539419086,1.0,1.0,0.791459781529295,0.7976878612716763,0.2279411764705882,93,2391,630,0,0.12
0.13676470588235295,1.0,1.0,0.8056934789804701,0.8114964675658317,0.24062095730918504,93,2434,587,0,0.13
0.14285714285714285,1.0,1.0,0.8152929493545183,0.8208092485549133,0.25,93,2463,558,0,0.14
0.1485623003194888,1.0,1.0,0.8235683548493876,0.8288375080282595,0.258692628650904,93,2488,533,0,0.15000000000000002
0.15448504983388706,1.0,1.0,0.8315127441244621,0.8365446371226718,0.26762589928057556,93,2512,509,0,0.16
0.16034482758620688,1.0,1.0,0.838795100959947,0.8436095054592164,0.27637444279346207,93,2534,487,0,0.17
0.16696588868940754,1.0,1.0,0.8464084740152268,0.8509955041746949,0.28615384615384615,93,2557,464,0,0.18000000000000002
0.17190388170055454,1.0,1.0,0.8517047335319431,0.8561335902376365,0.29337539432176657,93,2573,448,0,0.19
0.17647058823529413,1.0,1.0,0.8563389606090699,0.8606294155427103,0.3,93,2587,434,0,0.2
0.1830708661417323,1.0,1.0,0.8626282687851705,0.8667308927424534,0.30948419301164726,93,2606,415,0,0.21000000000000002
0.18902439024390244,1.0,1.0,0.8679245283018868,0.871868978805395,0.317948717948718,93,2622,399,0,0.22
0.19135802469135801,1.0,1.0,0.8699106256206555,0.873795761078998,0.32124352331606215,93,2628,393,0,0.23
0.19703389830508475,1.0,1.0,0.8745448526977821,0.8782915863840719,0.3292035398230089,93,2642,379,0,0.24000000000000002
0.20217391304347826,1.0,1.0,0.8785170473353194,0.8821451509312781,0.33634719710669075,93,2654,367,0,0.25
0.20484581497797358,1.0,1.0,0.8805031446540881,0.8840719332048812,0.34003656307129804,93,2660,361,0,0.26
0.20898876404494382,1.0,1.0,0.8834822906322409,0.8869621066152859,0.345724907063197,93,2669,352,0,0.27
0.20861678004535147,0.989247311827957,0.989247311827957,0.8844753392916253,0.8876043673731535,0.3445692883895131,92,2672,349,1,0.28
0.21495327102803738,0.989247311827957,0.989247311827957,0.8887785501489573,0.8917790622992935,0.35316698656429946,92,2685,336,1,0.29000000000000004
0.22009569377990432,0.989247311827957,0.989247311827957,0.892088712346905,0.894990366088632,0.3600782778864971,92,2695,326,1,0.3
0.2222222222222222,0.989247311827957,0.989247311827957,0.893412777226084,0.8962748876043674,0.36291913214990135,92,2699,322,1,0.31
0.2271604938271605,0.989247311827957,0.989247311827957,0.896391923204237,0.899165061014772,0.36947791164658633,92,2708,313,1,0.32
0.23057644110275688,0.989247311827957,0.989247311827957,0.8983780205230056,0.9010918432883751,0.37398373983739835,92,2714,307,1,0.33
0.23214285714285715,0.978494623655914,0.978494623655914,0.9003641178417743,0.9026974951830443,0.3752577319587629,91,2720,301,2,0.34
0.2351421188630491,0.978494623655914,0.978494623655914,0.9020191989407481,0.9043031470777135,0.37916666666666665,91,2725,296,2,0.35000000000000003
0.2394736842105263,0.978494623655914,0.978494623655914,0.9043363124793115,0.9065510597302505,0.38477801268498946,91,2732,289,2,0.36000000000000004
0.24266666666666667,0.978494623655914,0.978494623655914,0.9059913935782853,0.9081567116249197,0.3888888888888889,91,2737,284,2,0.37
0.2446236559139785,0.978494623655914,0.978494623655914,0.9069844422376696,0.9091201027617213,0.3913978494623656,91,2740,281,2,0.38
0.24863387978142076,0.978494623655914,0.978494623655914,0.9089705395564383,0.9110468850353244,0.39651416122004357,91,2746,275,2,0.39
0.25068870523415976,0.978494623655914,0.978494623655914,0.9099635882158226,0.9120102761721259,0.3991228070175439,91,2749,272,2,0.4
0.2549019607843137,0.978494623655914,0.978494623655914,0.9119496855345912,0.9139370584457289,0.40444444444444444,91,2755,266,2,0.41000000000000003
0.2577903682719547,0.978494623655914,0.978494623655914,0.9132737504137702,0.9152215799614644,0.4080717488789238,91,2759,262,2,0.42000000000000004
0.2607449856733524,0.978494623655914,0.978494623655914,0.9145978152929494,0.9165061014771998,0.41176470588235287,91,2763,258,2,0.43
0.2622478386167147,0.978494623655914,0.978494623655914,0.9152598477325389,0.9171483622350675,0.41363636363636364,91,2765,256,2,0.44
0.263768115942029,0.978494623655914,0.978494623655914,0.9159218801721284,0.9177906229929351,0.4155251141552511,91,2767,254,2,0.45
0.26608187134502925,0.978494623655914,0.978494623655914,0.9169149288315127,0.9187540141297367,0.41839080459770117,91,2770,251,2,0.46
0.27002967359050445,0.978494623655914,0.978494623655914,0.9185700099304865,0.9203596660244059,0.4232558139534884,91,2775,246,2,0.47000000000000003
0.2732732732732733,0.978494623655914,0.978494623655914,0.9198940748096657,0.9216441875401413,0.42723004694835687,91,2779,242,2,0.48000000000000004
0.2774390243902439,0.978494623655914,0.978494623655914,0.9215491559086395,0.9232498394348105,0.43230403800475065,91,2784,237,2,0.49
0.28,0.978494623655914,0.978494623655914,0.9225422045680238,0.9242132305716121,0.4354066985645933,91,2787,234,2,0.5
0.2852664576802508,0.978494623655914,0.978494623655914,0.9245283018867925,0.9261400128452152,0.44174757281553395,91,2793,228,2,0.51
0.28888888888888886,0.978494623655914,0.978494623655914,0.9258523667659715,0.9274245343609505,0.446078431372549,91,2797,224,2,0.52
0.29260450160771706,0.978494623655914,0.978494623655914,0.9271764316451506,0.928709055876686,0.4504950495049505,91,2801,220,2,0.53
0.297029702970297,0.967741935483871,0.967741935483871,0.929493545183714,0.930635838150289,0.4545454545454545,90,2808,213,3,0.54
0.30303030303030304,0.967741935483871,0.967741935483871,0.9314796425024826,0.9325626204238922,0.46153846153846156,90,2814,207,3,0.55
0.3082191780821918,0.967741935483871,0.967741935483871,0.9331347236014564,0.9341682723185614,0.4675324675324675,90,2819,202,3,0.56
0.31141868512110726,0.967741935483871,0.967741935483871,0.9341277722608408,0.9351316634553629,0.47120418848167545,90,2822,199,3,0.5700000000000001
0.3157894736842105,0.967741935483871,0.967741935483871,0.9354518371400199,0.9364161849710982,0.47619047619047616,90,2826,195,3,0.5800000000000001
0.31802120141342755,0.967741935483871,0.967741935483871,0.9361138695796094,0.9370584457289659,0.4787234042553191,90,2828,193,3,0.59
0.31785714285714284,0.956989247311828,0.956989247311828,0.9367759020191989,0.9373795761078998,0.4772117962466488,89,2830,191,4,0.6
0.3212996389891697,0.956989247311828,0.956989247311828,0.9377689506785832,0.9383429672447013,0.48108108108108105,89,2833,188,4,0.61
0.326007326007326,0.956989247311828,0.956989247311828,0.9390930155577624,0.9396274887604368,0.4863387978142077,89,2837,184,4,0.62
0.3272058823529412,0.956989247311828,0.956989247311828,0.9394240317775571,0.9399486191393706,0.4876712328767124,89,2838,183,4,0.63
0.3333333333333333,0.956989247311828,0.956989247311828,0.9410791128765309,0.9415542710340398,0.49444444444444446,89,2843,178,4,0.64
0.33584905660377357,0.956989247311828,0.956989247311828,0.9417411453161205,0.9421965317919075,0.49720670391061456,89,2845,176,4,0.65
0.34099616858237547,0.956989247311828,0.956989247311828,0.9430652101952995,0.9434810533076429,0.5028248587570622,89,2849,172,4,0.66
0.3449612403100775,0.956989247311828,0.956989247311828,0.9440582588546839,0.9444444444444444,0.5071225071225072,89,2852,169,4,0.67
0.34782608695652173,0.946236559139785,0.946236559139785,0.945382323733863,0.945407835581246,0.5086705202312138,88,2856,165,5,0.68
0.3562753036437247,0.946236559139785,0.946236559139785,0.9473684210526315,0.9473346178548491,0.5176470588235295,88,2862,159,5,0.6900000000000001
0.36363636363636365,0.946236559139785,0.946236559139785,0.9490235021516055,0.9489402697495183,0.5253731343283582,88,2867,154,5,0.7000000000000001
0.37130801687763715,0.946236559139785,0.946236559139785,0.9506785832505793,0.9505459216441875,0.5333333333333334,88,2872,149,5,0.7100000000000001
0.3776824034334764,0.946236559139785,0.946236559139785,0.9520026481297583,0.9518304431599229,0.5398773006134969,88,2876,145,5,0.72
0.38095238095238093,0.946236559139785,0.946236559139785,0.9526646805693479,0.9524727039177906,0.5432098765432098,88,2878,143,5,0.73
0.3815789473684211,0.9354838709677419,0.9354838709677419,0.9533267130089375,0.9527938342967245,0.5420560747663552,87,2880,141,6,0.74
0.39545454545454545,0.9354838709677419,0.9354838709677419,0.9559748427672956,0.9553628773281952,0.5559105431309904,87,2888,133,6,0.75
0.4009216589861751,0.9354838709677419,0.9354838709677419,0.9569678914266799,0.9563262684649968,0.5612903225806452,87,2891,130,6,0.76
0.39814814814814814,0.9247311827956989,0.9247311827956989,0.9569678914266799,0.9560051380860629,0.5566343042071198,86,2891,130,7,0.77
0.40186915887850466,0.9247311827956989,0.9247311827956989,0.9576299238662694,0.9566473988439307,0.5602605863192183,86,2893,128,7,0.78
0.41148325358851673,0.9247311827956989,0.9247311827956989,0.9592850049652433,0.9582530507385999,0.5695364238410596,86,2898,123,7,0.79
0.4195121951219512,0.9247311827956989,0.9247311827956989,0.9606090698444224,0.9595375722543352,0.5771812080536912,86,2902,119,7,0.8
0.43,0.9247311827956989,0.9247311827956989,0.9622641509433962,0.9611432241490045,0.5870307167235495,86,2907,114,7,0.81
0.4365482233502538,0.9247311827956989,0.9247311827956989,0.9632571996027806,0.962106615285806,0.593103448275862,86,2910,111,7,0.8200000000000001
0.44559585492227977,0.9247311827956989,0.9247311827956989,0.9645812644819596,0.9633911368015414,0.6013986013986014,86,2914,107,7,0.8300000000000001
0.4521276595744681,0.9139784946236559,0.9139784946236559,0.9659053293611387,0.964354527938343,0.604982206405694,85,2918,103,8,0.8400000000000001
0.45454545454545453,0.9139784946236559,0.9139784946236559,0.9662363455809335,0.9646756583172769,0.6071428571428571,85,2919,102,8,0.85
0.4594594594594595,0.9139784946236559,0.9139784946236559,0.966898378020523,0.9653179190751445,0.6115107913669064,85,2921,100,8,0.86
0.46153846153846156,0.9032258064516129,0.9032258064516129,0.9675604104601125,0.9656390494540783,0.6109090909090908,84,2923,98,9,0.87
0.47191011235955055,0.9032258064516129,0.9032258064516129,0.9688844753392917,0.9669235709698137,0.6199261992619927,84,2927,94,9,0.88
0.48255813953488375,0.8924731182795699,0.8924731182795699,0.9705395564382655,0.9682080924855492,0.6264150943396226,83,2932,89,10,0.89
0.5123456790123457,0.8924731182795699,0.8924731182795699,0.9738497186362132,0.9714193962748876,0.6509803921568628,83,2942,79,10,0.9
0.5189873417721519,0.8817204301075269,0.8817204301075269,0.9748427672955975,0.9720616570327553,0.6533864541832669,82,2945,76,11,0.91
0.5324675324675324,0.8817204301075269,0.8817204301075269,0.9761668321747765,0.9733461785484907,0.6639676113360323,82,2949,72,11,0.92
0.54421768707483,0.8602150537634409,0.8602150537634409,0.9778219132737505,0.9743095696852923,0.6666666666666667,80,2954,67,13,0.93
0.5555555555555556,0.8602150537634409,0.8602150537634409,0.9788149619331348,0.9752729608220938,0.6751054852320676,80,2957,64,13,0.9400000000000001
0.582089552238806,0.8387096774193549,0.8387096774193549,0.9814630916914929,0.9771997430956969,0.6872246696035242,78,2965,56,15,0.9500000000000001
0.5905511811023622,0.8064516129032258,0.8064516129032258,0.982787156570672,0.9775208734746307,0.6818181818181817,75,2969,52,18,0.9600000000000001
0.6434782608695652,0.7956989247311828,0.7956989247311828,0.9864283349884144,0.9807321772639692,0.7115384615384613,74,2980,41,19,0.97
0.6836734693877551,0.7204301075268817,0.7204301075268817,0.9897384971863621,0.9816955684007708,0.7015706806282722,67,2990,31,26,0.98
0.7439024390243902,0.6559139784946236,0.6559139784946236,0.9930486593843099,0.9829800899165061,0.6971428571428571,61,3000,21,32,0.99
